# إعادة توجيهات Vercel
/ /login.html 200
/dashboard /dashboard.html 200
/admin /admin.html 200
/subscriptions /subscriptions.html 200
/my-subscription /my-subscription.html 200
/payment /payment.html 200
/harvest /harvest.html 200
/archive /archive.html 200
/login /login.html 200
/register /register.html 200
/reset-password /reset-password.html 200

# إعادة توجيه API
/api/* /api/:splat 200